<?xml version="1.0"?>
<doc>
    <assembly>
        <name>HarvardUniversity.API</name>
    </assembly>
    <members>
        <member name="M:HarvardUniversity.API.Controllers.CoursesController.GetCoursesAsync(System.String,System.Int32,System.Int32)">
             <summary>
             Returns the list of courses with course`s total count in DB by params.
             </summary>
             <param name="name" example="Bioengineering">The name for search. Returns all courses if none.</param>
             <param name="startIndex">The start index to take from DB, useful for paging. 0 if none.</param>
             <param name="takeCount">The take count from DB, useful for paging. MaxInt if none.</param>
             <returns>Returns the list of courses in range with serching course`s total count.</returns>
             <remarks>
             Sample requests:
            
                 Get /api/Courses
                 Get /api/Courses?name=CourseName
                 Get /api/Courses?startIndex=2
                 Get /api/Courses?name=CourseName&amp;startIndex=5&amp;takeCount=14
            
             </remarks>
             <response code="200">Returns the list of courses with course`s total count.</response>
             <response code="404">If no course was found.</response>
             <response code="400">For error responses.</response>
        </member>
        <member name="M:HarvardUniversity.API.Controllers.CoursesController.GetByIdAsync(System.Int32)">
             <summary>
             Returns course by required id parameter.
             </summary>
             <param name="id" example="3">The course`s id for search.</param>
             <returns>Returns the course if exist.</returns>
             <remarks>
             Sample requests:
            
                 Get /api/Courses/2
            
             </remarks>
             <response code="200">Returns the course with searching id.</response>
             <response code="404">If course with such id wasn`t found.</response>
             <response code="400">For error responses.</response>
        </member>
        <member name="M:HarvardUniversity.API.Controllers.CoursesController.GetDetailsAsync(System.Int32)">
             <summary>
             Returns course`s details by required id parameter.
             </summary>
             <param name="id" example="3">The course`s id for search.</param>
             <returns>Returns the course`s details info if exist.</returns>
             <remarks>
             Sample requests:
            
                 Get /api/Courses/Details/3
            
             </remarks>
             <response code="200">Returns the course`s details info with searching id.</response>
             <response code="404">If course with such id wasn`t found.</response>
             <response code="400">For error responses.</response>
        </member>
        <member name="M:HarvardUniversity.API.Controllers.CoursesController.CreateAsync(HarvardUniversity.API.ModelDTOs.CourseDTOs.CourseCreateDTO)">
             <summary>
             Creates a course.
             </summary>
             <param name="courseCreateDTO"></param>
             <returns>A newly created Course</returns>
             <remarks>
             Sample request:
            
                 POST
                 {
                    "name": "New Course",
                    "Description": "New wonderful course!"
                 }
            
             </remarks>
             <response code="201">Returns the newly created course</response>
             <response code="400">If have any error</response>
        </member>
        <member name="M:HarvardUniversity.API.Controllers.CoursesController.UpdateAsync(System.Int32,HarvardUniversity.API.ModelDTOs.CourseDTOs.CourseUpdateDTO)">
             <summary>
             Update a course.
             </summary>
             <param name="id" example="3">The course`s id for change.</param>
             <param name="courseUpdateDTO"></param>
             <returns>The updated Course</returns>
             <remarks>
             Sample request:
            
                 PUT /api/Courses/3
                 body
                 {
                    "name": "Changed course",
                    "Description": "Course was changed."
                 }
            
             </remarks>
             <response code="201">Returns the updated course</response>
             <response code="404">If course with such id not found</response>
             <response code="400">If have any error</response>
        </member>
        <member name="M:HarvardUniversity.API.Controllers.CoursesController.DeleteAsync(System.Int32)">
             <summary>
             Delete a course.
             </summary>
             <param name="id" example="3">The course`s id for delete.</param>
             <returns>No content responce</returns>
             <remarks>
             Sample request:
            
                 PUT /api/Courses/3
            
             </remarks>
             <response code="204">Returns NoContent responce if success</response>
             <response code="404">If course with such id not found</response>
             <response code="400">If have any error</response>
        </member>
        <member name="M:HarvardUniversity.API.Controllers.GroupsController.GetGroupsAsync(System.String,System.Int32,System.Int32)">
             <summary>
             Returns the list of groups with group`s total count in DB by params.
             </summary>
             <param name="name" example="SE-01">The name for search. Returns all groups if none.</param>
             <param name="startIndex">The start index to take from DB, useful for paging. 0 if none.</param>
             <param name="takeCount">The take count from DB, useful for paging. MaxInt if none.</param>
             <returns>Returns the list of groups in range with serching group`s total count.</returns>
             <remarks>
             Sample requests:
            
                 Get /api/Groups
                 Get /api/Groups?name=GroupName
                 Get /api/Groups?startIndex=2
                 Get /api/Groups?name=GroupName&amp;startIndex=5&amp;takeCount=14
            
             </remarks>
             <response code="200">Returns the list of groups with group`s total count.</response>
             <response code="404">If no group was found.</response>
             <response code="400">For error responses.</response>
        </member>
        <member name="M:HarvardUniversity.API.Controllers.GroupsController.GetByIdAsync(System.Int32)">
             <summary>
             Returns group by required id parameter.
             </summary>
             <param name="id" example="3">The group`s id for search.</param>
             <returns>Returns the group if exist.</returns>
             <remarks>
             Sample requests:
            
                 Get /api/Groups/2
            
             </remarks>
             <response code="200">Returns the group with searching id.</response>
             <response code="404">If group with such id wasn`t found.</response>
             <response code="400">For error responses.</response>
        </member>
        <member name="M:HarvardUniversity.API.Controllers.GroupsController.GetDetailsAsync(System.Int32)">
             <summary>
             Returns group`s details by required id parameter.
             </summary>
             <param name="id" example="3">The group`s id for search.</param>
             <returns>Returns the group`s details info if exist.</returns>
             <remarks>
             Sample requests:
            
                 Get /api/Groups/Details/3
            
             </remarks>
             <response code="200">Returns the group`s details info with searching id.</response>
             <response code="404">If group with such id wasn`t found.</response>
             <response code="400">For error responses.</response>
        </member>
        <member name="M:HarvardUniversity.API.Controllers.GroupsController.CreateAsync(HarvardUniversity.API.ModelDTOs.GroupDTOs.GroupCreateDTO)">
             <summary>
             Creates a group.
             </summary>
             <param name="groupCreateDTO"></param>
             <returns>A newly created Group</returns>
             <remarks>
             Sample request:
            
                 POST
                 {
                    "name": "GR-1",
                    "courseId": 1
                 }
            
             </remarks>
             <response code="201">Returns the newly created group</response>
             <response code="400">If have any error</response>
        </member>
        <member name="M:HarvardUniversity.API.Controllers.GroupsController.UpdateAsync(System.Int32,HarvardUniversity.API.ModelDTOs.GroupDTOs.GroupUpdateDTO)">
             <summary>
             Update a group.
             </summary>
             <param name="id" example="3">The group`s id for change.</param>
             <param name="groupUpdateDTO"></param>
             <returns>The updated Group</returns>
             <remarks>
             Sample request:
            
                 PUT /api/Groups/3
                 body
                 {
                    "name": "GR-1",
                    "courseId": 1
                 }
            
             </remarks>
             <response code="201">Returns the updated group</response>
             <response code="404">If group with such id not found</response>
             <response code="400">If have any error</response>
        </member>
        <member name="M:HarvardUniversity.API.Controllers.GroupsController.DeleteAsync(System.Int32)">
             <summary>
             Delete a group.
             </summary>
             <param name="id" example="3">The group`s id for delete.</param>
             <returns>No content responce</returns>
             <remarks>
             Sample request:
            
                 PUT /api/Groups/3
            
             </remarks>
             <response code="204">Returns NoContent responce if success</response>
             <response code="404">If group with such id not found</response>
             <response code="400">If have any error</response>
        </member>
        <member name="M:HarvardUniversity.API.Controllers.StudentsController.GetStudentsAsync(System.String,System.Int32,System.Int32)">
             <summary>
             Returns the list of students with student`s total count in DB by params.
             </summary>
             <param name="lastName" example="Snow">The last name for search. Returns all students if none.</param>
             <param name="startIndex">The start index to take from DB, useful for paging. 0 if none.</param>
             <param name="takeCount">The take count from DB, useful for paging. MaxInt if none.</param>
             <returns>Returns the list of students in range with serching student`s total count.</returns>
             <remarks>
             Sample requests:
            
                 Get /api/Students
                 Get /api/Students?lastName=SomeName
                 Get /api/Students?startIndex=2
                 Get /api/Students?lastName=SomeName&amp;startIndex=5&amp;takeCount=14
            
             </remarks>
             <response code="200">Returns the list of students with student`s total count.</response>
             <response code="404">If no student was found.</response>
             <response code="400">For error responses.</response>
        </member>
        <member name="M:HarvardUniversity.API.Controllers.StudentsController.GetByIdAsync(System.Int32)">
             <summary>
             Returns student by required id parameter.
             </summary>
             <param name="id" example="3">The student`s id for search.</param>
             <returns>Returns the student if exist.</returns>
             <remarks>
             Sample requests:
            
                 Get /api/Students/2
            
             </remarks>
             <response code="200">Returns the student with searching id.</response>
             <response code="404">If student with such id wasn`t found.</response>
             <response code="400">For error responses.</response>
        </member>
        <member name="M:HarvardUniversity.API.Controllers.StudentsController.GetDetailsAsync(System.Int32)">
             <summary>
             Returns student details by required id parameter.
             </summary>
             <param name="id" example="3">The student`s id for search.</param>
             <returns>Returns the student`s details info if exist.</returns>
             <remarks>
             Sample requests:
            
                 Get /api/Students/Details/3
            
             </remarks>
             <response code="200">Returns the student`s details info with searching id.</response>
             <response code="404">If student with such id wasn`t found.</response>
             <response code="400">For error responses.</response>
        </member>
        <member name="M:HarvardUniversity.API.Controllers.StudentsController.CreateAsync(HarvardUniversity.API.ModelDTOs.StudentDTOs.StudentCreateDTO)">
             <summary>
             Creates a student.
             </summary>
             <param name="studentCreateDTO"></param>
             <returns>A newly created Student</returns>
             <remarks>
             Sample request:
            
                 POST
                 {
                    "firstName": "Jhon",
                    "lastName": "Snow",
                    "groupId": 1
                 }
            
             </remarks>
             <response code="201">Returns the newly created student</response>
             <response code="400">If have any error</response>
        </member>
        <member name="M:HarvardUniversity.API.Controllers.StudentsController.UpdateAsync(System.Int32,HarvardUniversity.API.ModelDTOs.StudentDTOs.StudentUpdateDTO)">
             <summary>
             Update a student.
             </summary>
             <param name="id" example="3">The student`s id for change.</param>
             <param name="studentUpdateDTO"></param>
             <returns>A updated Student</returns>
             <remarks>
             Sample request:
            
                 PUT /api/Students/3
                 body
                 {
                    "firstName": "Jhon",
                    "lastName": "Snow",
                    "groupId": 1
                 }
            
             </remarks>
             <response code="201">Returns the updated student</response>
             <response code="404">If student with such id not found</response>
             <response code="400">If have any error</response>
        </member>
        <member name="M:HarvardUniversity.API.Controllers.StudentsController.DeleteAsync(System.Int32)">
             <summary>
             Delete a student.
             </summary>
             <param name="id" example="3">The student`s id for delete.</param>
             <returns>No content responce</returns>
             <remarks>
             Sample request:
            
                 PUT /api/Students/3
            
             </remarks>
             <response code="204">Returns NoContent responce if success</response>
             <response code="404">If student with such id not found</response>
             <response code="400">If have any error</response>
        </member>
        <member name="T:HarvardUniversity.API.Properties.Resources">
            <summary>
              Класс ресурса со строгой типизацией для поиска локализованных строк и т.д.
            </summary>
        </member>
        <member name="P:HarvardUniversity.API.Properties.Resources.ResourceManager">
            <summary>
              Возвращает кэшированный экземпляр ResourceManager, использованный этим классом.
            </summary>
        </member>
        <member name="P:HarvardUniversity.API.Properties.Resources.Culture">
            <summary>
              Перезаписывает свойство CurrentUICulture текущего потока для всех
              обращений к ресурсу с помощью этого класса ресурса со строгой типизацией.
            </summary>
        </member>
    </members>
</doc>
